Height,Weight,Age,Grip strength,Frailty
65.8,112,30,0.9166666666666666,0
71.5,136,19,1.0,0
69.4,153,45,0.8333333333333334,0
68.2,142,22,0.75,1
67.8,144,29,0.4166666666666667,1
68.7,123,50,0.5833333333333334,0
69.8,141,51,0.25,1
70.1,136,23,0.08333333333333333,1
67.9,112,17,0.0,0
66.8,120,39,1.0,0
